sample-id,barcode_sequence,surface_or_interior,control,fig_field_label,plant_label,latitude,longitude,fig_stage,day_of_aug_2019_picked,day_of_aug_2019_dissected,foundress_number,worms_present,caeno_present,terato_present,caeno_amount,caeno_stage,other_nematode_present,parasitic_wasp_present,surface_interior_caeno,surface_interior_worms
EXTRNEG,TAATCCATAATC,,extraction_negative,,,,,,,,,,,,,,,,,
ExtrNeg1,CATTTCGCACTT,,extraction_negative,,,,,,,,,,,,,,,,,
EXTRPOS,CATGTCTTCCAT,,extraction_positive,,,,,,,,,,,,,,,,,
GW1,CTCTGAGGTAAC,interior,test,13-2,13,25.028625,121.5572208,B,27,28,0,no,no,no,none,,no,no,interior-no,interior-no
GW10,GTTCATTAAACT,,fig_negative,,,,,,,,,,,,,,,,,
GW11,TTCGATGCCGCA,,fig_negative,,,,,,,,,,,,,,,,,
GW12,TCGTTATTCAGT,surface,test,13-1,13,25.028625,121.5572208,B,27,28,0,no,no,no,none,,no,no,surface,surface
GW13,ACTCTGTAATTA,interior,test,13-3,13,25.028625,121.5572208,B,27,28,0,yes,yes,yes,abundant,reproductive,no,no,interior-yes,interior-yes
GW14,ATATGTTCTCAA,interior,test,13-4,13,25.028625,121.5572208,B,27,28,0,no,no,no,none,,no,no,interior-no,interior-no
GW15,TCAGACCAACTG,interior,test,13-5,13,25.028625,121.5572208,B,27,28,0,no,no,no,none,,no,no,interior-no,interior-no
GW16,TTCCAATACTCA,surface,test,15-1,15,25.0311822,121.5743952,B,27,28,2,yes,yes,no,abundant,reproductive,no,no,surface,surface
GW17,CTTGGAGGCTTA,interior,test,15-1,15,25.0311822,121.5743952,B,27,28,2,yes,yes,no,abundant,reproductive,no,no,interior-yes,interior-yes
GW18,GTGCCGGCCGAC,surface,test,15-2,15,25.0311822,121.5743952,B,27,28,15,yes,yes,no,abundant,reproductive,no,no,surface,surface
GW19,AGAGGGTGATCG,interior,test,15-2,15,25.0311822,121.5743952,B,27,28,15,yes,yes,no,abundant,reproductive,no,no,interior-yes,interior-yes
GW2,TCCGGCGGGCAA,interior,test,14-3,14,25.031339,121.573921,B,27,29,1,yes,yes,no,rare,reproductive,yes,no,interior-yes,interior-yes
GW20,GGATACTCGCAT,surface,test,15-3,15,25.0311822,121.5743952,B,27,28,19,yes,yes,no,abundant,reproductive,no,no,surface,surface
GW21,TCATGGCCTCCG,interior,test,15-3,15,25.0311822,121.5743952,B,27,28,19,yes,yes,no,abundant,reproductive,no,no,interior-yes,interior-yes
GW22,ATGTGCTGCTCG,interior,test,15-4,15,25.0311822,121.5743952,B,27,28,2,no,no,no,none,,no,no,interior-no,interior-no
GW23,CCACGAGCAGGC,interior,test,15-5,15,25.0311822,121.5743952,B,27,28,12,yes,yes,yes,abundant,reproductive,no,no,interior-yes,interior-yes
GW24,CGCCGTACTTGC,surface,test,19-1,19,25.0089127,121.5319744,B,27,29,2,no,no,no,none,,no,no,surface,surface
GW25,TATCATATTACG,interior,test,20-2,20,25.010941,121.535602,B,27,29,4,yes,yes,yes,rare,reproductive,yes,no,interior-yes,interior-yes
GW26,CCTTGACCGATG,surface,test,20-3,20,25.010941,121.535602,B,27,29,2,yes,yes,no,rare,reproductive,no,no,surface,surface
GW27,AGCTCTAGAAAC,interior,test,20-3,20,25.010941,121.535602,B,27,29,2,yes,yes,no,rare,reproductive,no,no,interior-yes,interior-yes
GW28,GTTTGAAACACG,surface,test,20-2,20,25.010941,121.535602,B,27,29,4,yes,yes,yes,rare,reproductive,yes,no,surface,surface
GW29,CAATCATAGGTG,interior,test,20-1,20,25.010941,121.535602,B,27,29,6,yes,yes,no,rare,reproductive,yes,no,interior-yes,interior-yes
GW3,ACATGATATTCT,interior,test,16-1,16,25.0309285,121.5752177,B,27,29,3,yes,yes,no,rare,reproductive,no,no,interior-yes,interior-yes
GW30,CCGATAAAGGTT,surface,test,20-1,20,25.010941,121.535602,B,27,29,6,yes,yes,no,rare,reproductive,yes,no,surface,surface
GW31,GCGTGCCCGGCC,,fig_negative,,,,,,,,,,,,,,,,,
GW32,TAAACCTGGACA,interior,test,19-1,19,25.0089127,121.5319744,B,27,29,2,no,no,no,none,,no,no,interior-no,interior-no
GW33,AACAGTAAACAA,surface,test,19-2,19,25.0089127,121.5319744,B,27,29,1,no,no,no,none,,no,no,surface,surface
GW34,CAAACTGCGTTG,interior,test,19-2,19,25.0089127,121.5319744,B,27,29,1,no,no,no,none,,no,no,interior-no,interior-no
GW35,CCTCCGTCATGG,surface,test,19-3,19,25.0089127,121.5319744,B,27,29,2,no,no,no,none,,no,no,surface,surface
GW36,AGCAGTGCGGTG,interior,test,19-3,19,25.0089127,121.5319744,B,27,29,2,no,no,no,none,,no,no,interior-no,interior-no
GW37,GTTGGACGAAGG,surface,test,14-1,14,25.031339,121.573921,B,27,29,3,yes,unknown,unknown,unknown,unknown,yes,no,surface,surface
GW38,CAGGAACCAGGA,interior,test,14-1,14,25.031339,121.573921,B,27,29,3,yes,unknown,unknown,unknown,unknown,yes,no,interior-unknown,interior-yes
GW39,CAAAGGAGCCCG,surface,test,18-1,18,25.010941,121.535602,B,27,29,3,no,no,no,none,,no,no,surface,surface
GW4,TAAGGCATCGCT,interior,test,18-1,18,25.010941,121.535602,B,27,29,3,no,no,no,none,,no,no,interior-no,interior-no
GW40,CCAACCCAGATC,surface,test,16-1,16,25.0309285,121.5752177,B,27,29,3,yes,yes,no,rare,reproductive,no,no,surface,surface
GW41,ACCGAACAATCC,surface,test,21-1,21,25.0099843,121.5340313,B,27,29,6,yes,yes,yes,abundant,reproductive,no,no,surface,surface
GW42,TCGAGAGTTTGC,interior,test,21-1,21,25.0099843,121.5340313,B,27,29,6,yes,yes,yes,abundant,reproductive,no,no,interior-yes,interior-yes
GW43,GCTGCCCACCTA,interior,test,17-1,17,25.0314672,121.5749889,E,27,29,0,no,no,no,none,,no,no,interior-no,interior-no
GW44,GCATATGCACTG,surface,test,17-2,17,25.0314672,121.5749889,E,27,29,2,yes,unknown,unknown,unknown,unknown,no,no,surface,surface
GW45,GTCACTCCGAAC,interior,test,17-2,17,25.0314672,121.5749889,E,27,29,2,yes,unknown,unknown,unknown,unknown,no,no,interior-unknown,interior-yes
GW46,GCATAAACGACT,surface,test,17-3,17,25.0314672,121.5749889,C,27,29,2,yes,yes,no,rare,reproductive,no,no,surface,surface
GW47,TGCGGCGTCAGG,interior,test,17-3,17,25.0314672,121.5749889,C,27,29,2,yes,yes,no,rare,reproductive,no,no,interior-yes,interior-yes
GW48,TTAAGTTAAGTT,interior,test,17-4,17,25.0314672,121.5749889,E,27,29,0,no,no,no,none,,no,no,interior-no,interior-no
GW49,ACGGTACCCTAC,surface,test,17-5,17,25.0314672,121.5749889,C,27,29,0,no,no,no,none,,no,no,surface,surface
GW5,CACACAAAGTCA,surface,test,13-2,13,25.028625,121.5572208,B,27,28,0,no,no,no,none,,no,no,surface,surface
GW50,CGACACGGAGAA,interior,test,17-5,17,25.0314672,121.5749889,C,27,29,0,no,no,no,none,,no,no,interior-no,interior-no
GW51,GCGTTTGCTAGC,interior,test,15-6,15,25.0311822,121.5743952,B,27,30,4,no,no,no,none,,no,no,interior-no,interior-no
GW52,CCGGCGACAGAA,interior,test,21-6,21,25.0099843,121.5340313,B,27,30,1,no,no,no,none,,no,no,interior-no,interior-no
GW53,CGTTCTGGTGGT,surface,test,13-6,13,25.028625,121.5572208,B,27,30,0,no,no,no,none,,no,no,surface,surface
GW54,ATCGTAGTGGTC,surface,test,21-5,21,25.0099843,121.5340313,B,27,30,3,yes,yes,no,rare,reproductive,no,no,surface,surface
GW55,CGCTGTGGATTA,interior,test,13-6,13,25.028625,121.5572208,B,27,30,0,no,no,no,none,,no,no,interior-no,interior-no
GW56,AGCCGCGGGTCC,surface,test,11-1,11,25.027304,121.571772,C,27,30,1,yes,yes,no,rare,reproductive_and_dauer,no,no,surface,surface
GW57,TGAGTCATTGAG,surface,test,21-6,21,25.0099843,121.5340313,B,27,30,1,no,no,no,none,,no,no,surface,surface
GW58,TCCACAGGGTTC,interior,test,21-5,21,25.0099843,121.5340313,B,27,30,3,yes,yes,no,rare,reproductive,no,no,interior-yes,interior-yes
GW59,AGATGTCCGTCA,surface,test,15-7,15,25.0311822,121.5743952,B,27,30,4,no,no,no,none,,no,no,surface,surface
GW6,CGAGGCGAGTCA,surface,test,13-3,13,25.028625,121.5572208,B,27,28,0,yes,yes,yes,abundant,reproductive,no,no,surface,surface
GW60,CCTCACTAGCGA,surface,test,10-1,10,25.02661,121.575532,E,27,30,0,yes,yes,no,rare,dauer,yes,yes,surface,surface
GW61,TAGTTCGGTGAC,interior,test,10-1,10,25.02661,121.575532,E,27,30,0,yes,yes,no,rare,dauer,yes,yes,interior-yes,interior
GW62,TAGCAGTTGCGT,surface,test,15-6,15,25.0311822,121.5743952,B,27,30,4,no,no,no,none,,no,no,surface,surface
GW63,CTTGCTCATAAT,interior,test,11-1,11,25.027304,121.571772,C,27,30,1,yes,yes,no,rare,reproductive_and_dauer,no,no,interior-yes,interior-yes
GW64,GGTAGTTCATAG,interior,test,9-1,9,25.032064,121.578879,B,27,30,2,no,no,no,none,,no,no,interior-no,interior-no
GW65,ACCTACTTGTCT,interior,test,21-4,21,25.0099843,121.5340313,B,27,30,1,no,no,no,none,,no,no,interior-no,interior-no
GW66,GGAGAACGACAC,interior,test,15-7,15,25.0311822,121.5743952,B,27,30,4,no,no,no,none,,no,no,interior-no,interior-no
GW67,AATTAATATGTA,surface,test,21-2,21,25.0099843,121.5340313,B,27,30,4,yes,yes,no,rare,reproductive,no,no,surface,surface
GW68,CTAATCAGAGTG,interior,test,21-2,21,25.0099843,121.5340313,B,27,30,4,yes,yes,no,rare,reproductive,no,no,interior-yes,interior-yes
GW69,TTAATGGATCGG,surface,test,21-3,21,25.0099843,121.5340313,B,27,30,11,yes,yes,no,abundant,reproductive,no,no,surface,surface
GW7,TAGTCTAAGGGT,surface,test,14-2,14,25.031339,121.573921,B,27,29,0,no,no,no,none,,no,no,surface,surface
GW70,TAGGAACTCACC,interior,test,21-3,21,25.0099843,121.5340313,B,27,30,11,yes,yes,no,abundant,reproductive,no,no,interior-yes,interior-yes
GW71,ACGACAACGGGC,surface,test,21-4,21,25.0099843,121.5340313,B,27,30,1,no,no,no,none,,no,no,surface,surface
GW72,CGATGAATATCG,surface,test,9-1,9,25.032064,121.578879,B,27,30,2,no,no,no,none,,no,no,surface,surface
GW73,ACTGTGACGTCC,interior,test,13-1,13,25.028625,121.5572208,B,27,28,0,no,no,no,none,,no,no,interior-no,interior-no
GW74,CCTACCATTGTT,interior,test,14-2,14,25.031339,121.573921,B,27,29,0,no,no,no,none,,no,no,interior-no,interior-no
GW8,ATGACTAAGATG,surface,test,14-3,14,25.031339,121.573921,B,27,29,1,yes,yes,no,rare,reproductive,yes,no,surface,surface
GW9,CTACAGGGTCTC,,fig_negative,,,,,,,,,,,,,,,,,
PCRNeg1,TCAAGTCCGCAC,,pcr_negative,,,,,,,,,,,,,,,,,
PCRNeg2,AACTCAATAGCG,,pcr_negative,,,,,,,,,,,,,,,,,
PCRPos1,CTACTCCACGAG,,pcr_positive,,,,,,,,,,,,,,,,,
PCRPos2,TTGAACAAGCCA,,pcr_positive,,,,,,,,,,,,,,,,,
